date,cases,deaths,deaths_normalized,cases_normalized,retail_and_recreation_percent_change_from_baseline,grocery_and_pharmacy_percent_change_from_baseline,parks_percent_change_from_baseline,transit_stations_percent_change_from_baseline,workplaces_percent_change_from_baseline,residential_percent_change_from_baseline,apple_driving,apple_transit,apple_walking,maskScore,mask_never,mask_rarely,mask_sometimes,mask_frequently,mask_always,PSScore
2020-02-15,1,0,0.0,9.961045339988904e-06,1.0,0.0,13.0,-1.0,-1.0,0.0,127.17,97.16,163.51,8.93,0.021,0.013,0.049,0.131,0.786,0.3563669779129557
2020-02-16,1,0,0.0,9.961045339988904e-06,4.0,-1.0,27.0,-1.0,0.0,-1.0,102.67,84.29,131.93,8.93,0.021,0.013,0.049,0.131,0.786,0.3563669779129557
2020-02-17,1,0,0.0,9.961045339988904e-06,7.0,0.0,30.0,-11.0,-32.0,7.0,106.12,100.06,115.72,8.93,0.021,0.013,0.049,0.131,0.786,0.3563669779129557
2020-02-18,1,0,0.0,9.961045339988904e-06,-1.0,0.0,11.0,2.0,2.0,0.0,116.7,124.04,113.1,8.93,0.021,0.013,0.049,0.131,0.786,0.3563669779129557
2020-02-19,1,0,0.0,9.961045339988904e-06,-1.0,-1.0,13.0,1.0,2.0,0.0,117.43,120.52,114.55,8.93,0.021,0.013,0.049,0.131,0.786,0.3563669779129557
2020-02-20,1,0,0.0,9.961045339988904e-06,1.0,0.0,11.0,2.0,2.0,-1.0,123.52,123.55,121.73,8.93,0.021,0.013,0.049,0.131,0.786,0.3563669779129557
2020-02-21,1,0,0.0,9.961045339988904e-06,1.0,0.0,7.0,0.0,2.0,0.0,137.35,123.96,143.48,8.93,0.021,0.013,0.049,0.131,0.786,0.3563669779129557
2020-02-22,1,0,0.0,9.961045339988904e-06,-1.0,-1.0,-13.0,-5.0,1.0,1.0,127.85,98.14,156.53,8.93,0.021,0.013,0.049,0.131,0.786,0.3563669779129557
2020-02-23,1,0,0.0,9.961045339988904e-06,4.0,1.0,13.0,0.0,2.0,0.0,102.06,85.71,124.05,8.93,0.021,0.013,0.049,0.131,0.786,0.3563669779129557
2020-02-24,1,0,0.0,9.961045339988904e-06,1.0,-1.0,8.0,2.0,4.0,-1.0,113.03,122.48,113.91,8.93,0.021,0.013,0.049,0.131,0.786,0.3563669779129557
2020-02-25,1,0,0.0,9.961045339988904e-06,2.0,1.0,13.0,3.0,3.0,-1.0,116.54,121.09,112.03,8.93,0.021,0.013,0.049,0.131,0.786,0.3563669779129557
2020-02-26,1,0,0.0,9.961045339988904e-06,3.0,2.0,11.0,2.0,3.0,-1.0,115.97,116.66,111.59,8.93,0.021,0.013,0.049,0.131,0.786,0.3563669779129557
2020-02-27,1,0,0.0,9.961045339988904e-06,3.0,2.0,14.0,3.0,2.0,-1.0,120.33,116.52,115.84,8.93,0.021,0.013,0.049,0.131,0.786,0.3563669779129557
2020-02-28,1,0,0.0,9.961045339988904e-06,4.0,4.0,10.0,2.0,3.0,-1.0,134.74,121.71,140.82,8.93,0.021,0.013,0.049,0.131,0.786,0.3563669779129557
2020-02-29,1,0,0.0,9.961045339988904e-06,3.0,4.0,11.0,0.0,2.0,-1.0,132.4,102.04,162.74,8.93,0.021,0.013,0.049,0.131,0.786,0.3563669779129557
2020-03-01,1,0,0.0,9.961045339988904e-06,4.0,3.0,-5.0,-3.0,1.0,0.0,95.64,79.08,110.79,8.93,0.021,0.013,0.049,0.131,0.786,0.3563669779129557
2020-03-02,1,0,0.0,9.961045339988904e-06,5.0,5.0,8.0,1.0,4.0,-1.0,107.51,112.19,109.51,8.93,0.021,0.013,0.049,0.131,0.786,0.3563669779129557
2020-03-03,1,0,0.0,9.961045339988904e-06,8.0,7.0,32.0,2.0,3.0,-1.0,117.24,119.9,125.08,8.93,0.021,0.013,0.049,0.131,0.786,0.3563669779129557
2020-03-04,7,0,0.0,6.972731737992234e-05,4.0,6.0,9.0,-1.0,2.0,0.0,113.82,114.28,111.1,8.93,0.021,0.013,0.049,0.131,0.786,0.3563669779129557
2020-03-05,11,0,0.0,0.00010957149873987795,4.0,7.0,9.0,0.0,2.0,0.0,122.17,115.14,118.13,8.93,0.021,0.013,0.049,0.131,0.786,0.3563669779129557
2020-03-06,13,0,0.0,0.00012949358941985578,3.0,6.0,7.0,-2.0,2.0,0.0,135.24,119.09,139.86,8.93,0.021,0.013,0.049,0.131,0.786,0.3563669779129557
2020-03-07,14,0,0.0,0.00013945463475984469,1.0,6.0,3.0,-4.0,2.0,0.0,126.34,97.48,157.94,8.93,0.021,0.013,0.049,0.131,0.786,0.3563669779129557
2020-03-08,14,0,0.0,0.00013945463475984469,3.0,4.0,16.0,-4.0,1.0,0.0,100.08,80.86,130.57,8.93,0.021,0.013,0.049,0.131,0.786,0.3563669779129557
2020-03-09,19,0,0.0,0.00018925986145978922,3.0,7.0,6.0,-4.0,3.0,0.0,103.92,106.29,103.84,8.93,0.021,0.013,0.049,0.131,0.786,0.3563669779129557
2020-03-10,20,0,0.0,0.00019922090679977812,-3.0,3.0,-29.0,-13.0,-2.0,3.0,104.27,94.95,97.11,8.93,0.021,0.013,0.049,0.131,0.786,0.3563669779129557
2020-03-11,28,1,9.961045339988904e-06,0.00027890926951968937,2.0,11.0,5.0,-6.0,0.0,1.0,105.27,101.93,105.39,8.93,0.021,0.013,0.049,0.131,0.786,0.3563669779129557
2020-03-12,32,1,9.961045339988904e-06,0.00031875345087964494,-8.0,12.0,-35.0,-19.0,-3.0,4.0,101.57,75.48,79.62,8.93,0.021,0.013,0.049,0.131,0.786,0.3563669779129557
2020-03-13,40,1,9.961045339988904e-06,0.00039844181359955625,-5.0,37.0,-37.0,-21.0,-7.0,6.0,101.38,69.44,89.53,8.93,0.021,0.013,0.049,0.131,0.786,0.3563669779129557
2020-03-14,53,1,9.961045339988904e-06,0.000527935403019412,-14.0,27.0,-47.0,-23.0,-7.0,7.0,81.2,54.28,87.79,8.93,0.021,0.013,0.049,0.131,0.786,0.3563669779129557
2020-03-15,69,1,9.961045339988904e-06,0.0006873121284592345,-16.0,12.0,-22.0,-21.0,-9.0,6.0,62.08,47.39,68.03,8.93,0.021,0.013,0.049,0.131,0.786,0.3563669779129557
2020-03-16,94,1,9.961045339988904e-06,0.0009363382619589571,-19.0,12.0,-40.0,-29.0,-22.0,11.0,71.84,48.63,58.0,8.93,0.021,0.013,0.049,0.131,0.786,0.3563669779129557
2020-03-17,144,1,9.961045339988904e-06,0.0014343905289584025,-24.0,8.0,-21.0,-30.0,-29.0,14.0,65.99,44.65,58.56,8.93,0.021,0.013,0.049,0.131,0.786,0.3563669779129557
2020-03-18,190,1,9.961045339988904e-06,0.0018925986145978922,-28.0,3.0,-12.0,-33.0,-33.0,16.0,62.42,41.4,56.23,8.93,0.021,0.013,0.049,0.131,0.786,0.3563669779129557
2020-03-19,231,2,1.992209067997781e-05,0.002301001473537437,-32.0,3.0,-30.0,-39.0,-35.0,18.0,58.58,36.38,50.6,8.93,0.021,0.013,0.049,0.131,0.786,0.3563669779129557
2020-03-20,292,2,1.992209067997781e-05,0.0029086252392767605,-40.0,-5.0,-29.0,-44.0,-41.0,22.0,55.49,32.16,48.77,8.93,0.021,0.013,0.049,0.131,0.786,0.3563669779129557
2020-03-21,351,4,3.984418135995562e-05,0.0034963269143361056,-48.0,-13.0,-28.0,-46.0,-34.0,18.0,46.86,26.44,48.33,8.93,0.021,0.013,0.049,0.131,0.786,0.3563669779129557
2020-03-22,421,5,4.980522669994453e-05,0.004193600088135329,-52.0,-26.0,-36.0,-54.0,-38.0,16.0,35.69,22.58,36.39,8.93,0.021,0.013,0.049,0.131,0.786,0.3563669779129557
2020-03-23,536,7,6.972731737992234e-05,0.005339120302234053,-42.0,-19.0,-32.0,-49.0,-47.0,22.0,44.94,29.22,42.79,8.93,0.021,0.013,0.049,0.131,0.786,0.3563669779129557
2020-03-24,662,11,0.00010957149873987795,0.006594212015072655,-43.0,-20.0,-34.0,-50.0,-49.0,23.0,44.77,27.87,42.51,8.93,0.021,0.013,0.049,0.131,0.786,0.3563669779129557
2020-03-25,799,13,0.00012949358941985578,0.007958875226651136,-43.0,-20.0,-34.0,-50.0,-49.0,23.0,44.69,27.09,43.09,8.93,0.021,0.013,0.049,0.131,0.786,0.3563669779129557
2020-03-26,1216,21,0.000209181952139767,0.01211263113342651,-43.0,-20.0,-35.0,-51.0,-50.0,24.0,44.99,25.93,42.23,8.93,0.021,0.013,0.049,0.131,0.786,0.3563669779129557
2020-03-27,1465,27,0.00026894822417970044,0.014592931423083747,-45.0,-19.0,-34.0,-51.0,-49.0,25.0,49.22,26.76,45.67,8.93,0.021,0.013,0.049,0.131,0.786,0.3563669779129557
2020-03-28,1804,33,0.0003287144962196339,0.017969725793339986,-50.0,-21.0,-52.0,-52.0,-39.0,20.0,41.82,22.29,42.72,8.93,0.021,0.013,0.049,0.131,0.786,0.3563669779129557
2020-03-29,2136,37,0.0003685586775795895,0.0212767928462163,-51.0,-27.0,-48.0,-54.0,-41.0,17.0,34.2,20.99,36.6,8.93,0.021,0.013,0.049,0.131,0.786,0.3563669779129557
2020-03-30,2474,44,0.0004382859949595118,0.02464362617113255,-42.0,-23.0,-34.0,-52.0,-51.0,22.0,43.19,26.62,43.13,8.93,0.021,0.013,0.049,0.131,0.786,0.3563669779129557
2020-03-31,3011,54,0.0005378964483594009,0.029992707518706595,-42.0,-22.0,-38.0,-50.0,-51.0,23.0,44.0,25.58,42.6,8.93,0.021,0.013,0.049,0.131,0.786,0.3563669779129557
2020-04-01,3518,65,0.0006474679470992788,0.03504295750608097,-41.0,-18.0,-34.0,-49.0,-52.0,23.0,45.34,25.17,44.69,8.93,0.021,0.013,0.049,0.131,0.786,0.3563669779129557
2020-04-02,4045,78,0.0007769615365191345,0.04029242840025512,-43.0,-19.0,-39.0,-52.0,-52.0,25.0,44.44,24.62,43.48,8.93,0.021,0.013,0.049,0.131,0.786,0.3563669779129557
2020-04-03,4566,89,0.0008865330352590126,0.04548213302238934,-43.0,-15.0,-38.0,-51.0,-51.0,25.0,50.13,24.98,48.02,8.93,0.021,0.013,0.049,0.131,0.786,0.3563669779129557
2020-04-04,5277,117,0.0011654423047787019,0.05256443625912146,-50.0,-20.0,-54.0,-51.0,-41.0,20.0,43.44,21.03,43.82,8.93,0.021,0.013,0.049,0.131,0.786,0.3563669779129557
2020-04-05,5940,132,0.0013148579848785355,0.0591686093195341,-53.0,-27.0,-59.0,-57.0,-43.0,17.0,33.35,18.43,33.26,8.93,0.021,0.013,0.049,0.131,0.786,0.3563669779129557
2020-04-06,6360,147,0.0014642736649783691,0.06335224836232944,-49.0,-27.0,-58.0,-59.0,-54.0,25.0,39.83,21.12,34.98,8.93,0.021,0.013,0.049,0.131,0.786,0.3563669779129557
2020-04-07,6910,169,0.0016834166624581251,0.06883082329932333,-51.0,-30.0,-58.0,-58.0,-54.0,26.0,40.22,21.19,35.14,8.93,0.021,0.013,0.049,0.131,0.786,0.3563669779129557
2020-04-08,7530,198,0.0019722869773178033,0.07500667141011645,-49.0,-27.0,-51.0,-57.0,-55.0,26.0,40.93,20.82,37.98,8.93,0.021,0.013,0.049,0.131,0.786,0.3563669779129557
2020-04-09,7955,223,0.002221313110817526,0.07924011567961174,-55.0,-34.0,-69.0,-65.0,-57.0,29.0,39.26,18.05,31.87,8.93,0.021,0.013,0.049,0.131,0.786,0.3563669779129557
2020-04-10,8430,241,0.002400611926937326,0.08397161221610647,-49.0,-22.0,-55.0,-58.0,-57.0,29.0,46.45,20.54,41.43,8.93,0.021,0.013,0.049,0.131,0.786,0.3563669779129557
2020-04-11,8873,265,0.00263967701509706,0.08838435530172156,-51.0,-19.0,-54.0,-52.0,-43.0,20.0,44.87,20.63,46.35,8.93,0.021,0.013,0.049,0.131,0.786,0.3563669779129557
2020-04-12,9192,296,0.002948469420636716,0.09156192876517802,-64.0,-38.0,-69.0,-60.0,-46.0,18.0,30.72,17.03,29.5,8.93,0.021,0.013,0.049,0.131,0.786,0.3563669779129557
2020-04-13,9420,320,0.00318753450879645,0.0938330471026955,-47.0,-28.0,-47.0,-54.0,-51.0,23.0,43.21,22.3,40.22,8.93,0.021,0.013,0.049,0.131,0.786,0.3563669779129557
2020-04-14,10047,360,0.003585976322396006,0.10007862253086854,-45.0,-25.0,-38.0,-51.0,-51.0,24.0,45.62,22.64,44.21,8.93,0.021,0.013,0.049,0.131,0.786,0.3563669779129557
2020-04-15,10496,402,0.00400434022667554,0.10455113188852355,-47.0,-21.0,-36.0,-50.0,-51.0,24.0,48.68,22.79,46.54,8.93,0.021,0.013,0.049,0.131,0.786,0.3563669779129557
2020-04-16,10854,455,0.004532275629694951,0.10811718612023957,-55.0,-20.0,-38.0,-51.0,-51.0,24.0,49.02,22.3,45.86,8.93,0.021,0.013,0.049,0.131,0.786,0.3563669779129557
2020-04-17,11391,495,0.004930717443294508,0.11346626746781363,-56.0,-19.0,-42.0,-52.0,-50.0,25.0,53.88,22.63,49.02,8.93,0.021,0.013,0.049,0.131,0.786,0.3563669779129557
2020-04-18,12021,576,0.00573756211583361,0.11974172603200664,-59.0,-21.0,-56.0,-50.0,-38.0,19.0,49.27,19.96,47.52,8.93,0.021,0.013,0.049,0.131,0.786,0.3563669779129557
2020-04-19,12341,600,0.005976627203993343,0.12292926054080308,-60.0,-25.0,-50.0,-53.0,-39.0,16.0,41.16,19.26,40.51,8.93,0.021,0.013,0.049,0.131,0.786,0.3563669779129557
2020-04-20,13816,617,0.006145964974773155,0.13762180241728672,-54.0,-22.0,-38.0,-50.0,-49.0,22.0,49.65,24.6,47.51,8.93,0.021,0.013,0.049,0.131,0.786,0.3563669779129557
2020-04-21,15140,663,0.006604173060412645,0.15081022644743203,-54.0,-21.0,-35.0,-51.0,-50.0,23.0,49.83,23.84,47.0,8.93,0.021,0.013,0.049,0.131,0.786,0.3563669779129557
2020-04-22,16435,729,0.007261602052851912,0.16370978016271767,-54.0,-20.0,-33.0,-51.0,-50.0,23.0,51.74,23.68,48.8,8.93,0.021,0.013,0.049,0.131,0.786,0.3563669779129557
2020-04-23,17508,797,0.007938953135971157,0.17439798181252575,-54.0,-19.0,-35.0,-51.0,-51.0,24.0,53.13,23.76,49.41,8.93,0.021,0.013,0.049,0.131,0.786,0.3563669779129557
2020-04-24,18545,850,0.00846688853899057,0.18472758583009424,-54.0,-16.0,-37.0,-51.0,-49.0,24.0,60.06,24.25,54.01,8.93,0.021,0.013,0.049,0.131,0.786,0.3563669779129557
2020-04-25,19107,895,0.00891513557929007,0.19032569331116803,-57.0,-16.0,-48.0,-48.0,-37.0,17.0,56.16,22.21,52.74,8.93,0.021,0.013,0.049,0.131,0.786,0.3563669779129557
2020-04-26,19528,913,0.009094434395409872,0.19451929339930335,-57.0,-21.0,-45.0,-52.0,-39.0,15.0,46.16,20.08,43.24,8.93,0.021,0.013,0.049,0.131,0.786,0.3563669779129557
2020-04-27,20417,942,0.009383304710269548,0.2033746627065535,-52.0,-19.0,-32.0,-49.0,-48.0,21.0,52.58,24.53,48.83,8.93,0.021,0.013,0.049,0.131,0.786,0.3563669779129557
2020-04-28,20976,1000,0.009961045339988905,0.20894288705160727,-52.0,-18.0,-32.0,-48.0,-49.0,14.0,54.56,25.73,50.82,8.93,0.021,0.013,0.049,0.131,0.786,0.3563669779129557
2020-04-29,22485,1056,0.010518863879028284,0.22397410446965055,-50.0,-19.0,-34.0,-49.0,-49.0,22.0,55.22,24.98,50.2,8.93,0.021,0.013,0.049,0.131,0.786,0.3563669779129557
2020-04-30,23182,1111,0.011066721372727673,0.23091695307162283,-48.0,-16.0,-33.0,-48.0,-50.0,22.0,57.73,25.1,53.04,8.93,0.021,0.013,0.049,0.131,0.786,0.3563669779129557
2020-05-01,24215,1172,0.011674345138466997,0.24120671290783136,-48.0,-12.0,-30.0,-46.0,-48.0,23.0,65.97,26.77,60.45,8.93,0.021,0.013,0.049,0.131,0.786,0.3563669779129557
2020-05-02,24894,1209,0.012042903816046587,0.24797026269368383,-51.0,-11.0,-41.0,-43.0,-35.0,16.0,61.84,23.93,59.89,8.93,0.021,0.013,0.049,0.131,0.786,0.3563669779129557
2020-05-03,25662,1229,0.012242124722846364,0.2556203455147953,-51.0,-17.0,-35.0,-47.0,-34.0,13.0,51.33,22.2,49.25,8.93,0.021,0.013,0.049,0.131,0.786,0.3563669779129557
2020-05-04,26217,1256,0.012511072947026065,0.2611487256784892,-46.0,-15.0,-26.0,-46.0,-46.0,19.0,58.94,26.68,55.87,8.93,0.021,0.013,0.049,0.131,0.786,0.3563669779129557
2020-05-05,27815,1313,0.013078852531405434,0.2770664761317914,-46.0,-11.0,-25.0,-45.0,-47.0,20.0,62.05,26.42,57.63,8.93,0.021,0.013,0.049,0.131,0.786,0.3563669779129557
2020-05-06,28644,1367,0.013616748979764835,0.2853241827186422,-47.0,-14.0,-26.0,-47.0,-48.0,21.0,61.85,26.95,57.07,8.93,0.021,0.013,0.049,0.131,0.786,0.3563669779129557
2020-05-07,29427,1418,0.014124762292104269,0.29312368121985355,-46.0,-12.0,-26.0,-47.0,-48.0,21.0,63.85,26.99,58.58,8.93,0.021,0.013,0.049,0.131,0.786,0.3563669779129557
2020-05-08,30296,1468,0.014622814559103713,0.30177982962030386,-46.0,-8.0,-23.0,-45.0,-46.0,21.0,75.64,28.76,68.18,8.93,0.021,0.013,0.049,0.131,0.786,0.3563669779129557
2020-05-09,31197,1512,0.015061100554063225,0.3107547314716339,-47.0,1.0,-32.0,-39.0,-32.0,14.0,73.88,25.68,71.5,8.93,0.021,0.013,0.049,0.131,0.786,0.3563669779129557
2020-05-10,31677,1530,0.015240399370183025,0.31553603323482854,-48.0,-4.0,-30.0,-40.0,-31.0,10.0,59.26,21.88,55.5,8.93,0.021,0.013,0.049,0.131,0.786,0.3563669779129557
2020-05-11,32258,1569,0.015628880138442592,0.32132340057736214,-46.0,-18.0,-20.0,-46.0,-45.0,19.0,105.97,24.08,50.93,8.93,0.021,0.013,0.049,0.131,0.786,0.3563669779129557
2020-05-12,33180,1613,0.016067166133402106,0.3305074843808319,-46.0,-14.0,-21.0,-45.0,-46.0,20.0,111.77,21.18,47.15,8.93,0.021,0.013,0.049,0.131,0.786,0.3563669779129557
2020-05-13,34428,1659,0.016525374219041596,0.34293886896513803,-45.0,-14.0,-16.0,-44.0,-46.0,20.0,67.33,28.39,64.82,8.93,0.021,0.013,0.049,0.131,0.786,0.3563669779129557
2020-05-14,35329,1659,0.016525374219041596,0.351913770816468,-45.0,-14.0,-17.0,-45.0,-46.0,21.0,70.02,27.78,66.59,8.93,0.021,0.013,0.049,0.131,0.786,0.3563669779129557
2020-05-15,36259,1755,0.01748163457168053,0.36117754298265775,-46.0,-11.0,-14.0,-44.0,-45.0,21.0,81.59,29.72,77.64,8.93,0.021,0.013,0.049,0.131,0.786,0.3563669779129557
2020-05-16,37303,1793,0.017860154294600108,0.37157687431760617,-48.0,-10.0,-22.0,-40.0,-30.0,14.0,78.88,26.73,78.3,8.93,0.021,0.013,0.049,0.131,0.786,0.3563669779129557
2020-05-17,37974,1821,0.018139063564119796,0.3782607357407387,-48.0,-15.0,-13.0,-44.0,-30.0,12.0,65.14,24.48,65.0,8.93,0.021,0.013,0.049,0.131,0.786,0.3563669779129557
2020-05-18,38451,1839,0.018318362380239598,0.3830121543679134,-45.0,-18.0,-33.0,-49.0,-44.0,19.0,67.71,28.47,63.18,8.93,0.021,0.013,0.049,0.131,0.786,0.3563669779129557
2020-05-19,39573,1913,0.019055479735398777,0.39418844723938096,-42.0,-13.0,-13.0,-44.0,-44.0,19.0,74.04,29.88,71.67,8.93,0.021,0.013,0.049,0.131,0.786,0.3563669779129557
2020-05-20,40857,1970,0.019623259319778145,0.40697842945592677,-42.0,-11.0,-10.0,-43.0,-44.0,19.0,75.83,30.23,72.9,8.93,0.021,0.013,0.049,0.131,0.786,0.3563669779129557
2020-05-21,42037,2016,0.020081467405417632,0.4187324629571136,-42.0,-10.0,-10.0,-43.0,-44.0,19.0,78.73,31.22,74.45,8.93,0.021,0.013,0.049,0.131,0.786,0.3563669779129557
2020-05-22,43052,2049,0.020410181901637268,0.4288429239772023,-43.0,-8.0,-10.0,-43.0,-42.0,19.0,90.61,32.74,85.16,8.93,0.021,0.013,0.049,0.131,0.786,0.3563669779129557
2020-05-23,44055,2090,0.02081858476057681,0.43883385245321127,-46.0,-7.0,-18.0,-39.0,-28.0,12.0,83.42,29.05,82.99,8.93,0.021,0.013,0.049,0.131,0.786,0.3563669779129557
2020-05-24,44988,2104,0.020958039395336657,0.4481275077554209,-47.0,-11.0,-2.0,-43.0,-29.0,10.0,71.81,25.95,70.93,8.93,0.021,0.013,0.049,0.131,0.786,0.3563669779129557
2020-05-25,46018,2116,0.021077571939416524,0.4583873844556095,-46.0,-13.0,16.0,-52.0,-72.0,24.0,67.78,28.68,68.41,8.93,0.021,0.013,0.049,0.131,0.786,0.3563669779129557
2020-05-26,47822,2143,0.021346520163596224,0.47635711024894944,-43.0,-13.0,-12.0,-43.0,-42.0,18.0,78.21,33.58,74.76,8.93,0.021,0.013,0.049,0.131,0.786,0.3563669779129557
2020-05-27,48700,2195,0.021864494521275646,0.4851029080574597,-42.0,-13.0,-8.0,-42.0,-42.0,18.0,80.33,34.13,75.79,8.93,0.021,0.013,0.049,0.131,0.786,0.3563669779129557
2020-05-28,49774,2241,0.022322702606915136,0.4958010707526078,-41.0,-12.0,-10.0,-43.0,-42.0,19.0,81.78,33.2,77.43,8.93,0.021,0.013,0.049,0.131,0.786,0.3563669779129557
2020-05-29,51562,2290,0.022810793828574594,0.513611419820508,-43.0,-12.0,-13.0,-42.0,-40.0,19.0,91.51,35.98,83.99,8.93,0.021,0.013,0.049,0.131,0.786,0.3563669779129557
2020-05-30,53651,2338,0.023288924004894063,0.5344200435357448,-45.0,-12.0,-20.0,-39.0,-21.0,13.0,87.58,34.13,95.66,8.93,0.021,0.013,0.049,0.131,0.786,0.3563669779129557
2020-05-31,54996,2362,0.023527989093053793,0.5478176495180298,-51.0,-23.0,-23.0,-45.0,-25.0,12.0,64.0,26.3,65.6,8.93,0.021,0.013,0.049,0.131,0.786,0.3563669779129557
2020-06-01,55968,2384,0.02374713209053355,0.557499785588499,-48.0,-24.0,-35.0,-47.0,-43.0,20.0,68.08,30.73,63.16,8.93,0.021,0.013,0.049,0.131,0.786,0.3563669779129557
2020-06-02,57118,2443,0.024334833765592895,0.5689549877294863,-45.0,-13.0,-28.0,-45.0,-43.0,20.0,71.6,32.38,72.8,8.93,0.021,0.013,0.049,0.131,0.786,0.3563669779129557
2020-06-03,58234,2489,0.024793041851232385,0.5800715143289139,-39.0,-6.0,-16.0,-43.0,-42.0,18.0,78.93,33.55,79.72,8.93,0.021,0.013,0.049,0.131,0.786,0.3563669779129557
2020-06-04,59650,2531,0.02521140575551192,0.5941763545303382,-38.0,-8.0,-14.0,-42.0,-42.0,18.0,81.13,34.07,77.6,8.93,0.021,0.013,0.049,0.131,0.786,0.3563669779129557
2020-06-05,61045,2565,0.02555008129707154,0.6080720127796228,-39.0,-9.0,-19.0,-42.0,-40.0,18.0,90.96,35.43,86.65,8.93,0.021,0.013,0.049,0.131,0.786,0.3563669779129557
2020-06-06,62338,2620,0.026097938790770932,0.6209516444042283,-40.0,-7.0,-19.0,-36.0,-21.0,11.0,87.55,33.45,91.46,8.93,0.021,0.013,0.049,0.131,0.786,0.3563669779129557
2020-06-07,63844,2645,0.026346964924270654,0.6359529786862517,-38.0,-11.0,-4.0,-38.0,-21.0,9.0,75.91,32.2,84.34,8.93,0.021,0.013,0.049,0.131,0.786,0.3563669779129557
2020-06-08,64644,2655,0.026446575377670548,0.6439218149582429,-34.0,-11.0,-7.0,-40.0,-39.0,15.0,83.77,40.31,80.91,8.93,0.021,0.013,0.049,0.131,0.786,0.3563669779129557
2020-06-09,65822,2707,0.02696454973534997,0.6556559263687497,-34.0,-8.0,-6.0,-40.0,-40.0,16.0,87.7,39.7,84.83,8.93,0.021,0.013,0.049,0.131,0.786,0.3563669779129557
2020-06-10,67064,2768,0.02757217350108929,0.668027544681016,-33.0,-8.0,-7.0,-39.0,-40.0,16.0,91.43,40.3,85.08,8.93,0.021,0.013,0.049,0.131,0.786,0.3563669779129557
2020-06-11,68875,2813,0.028020420541388792,0.6860669977917359,-32.0,-8.0,-7.0,-39.0,-40.0,16.0,92.89,40.79,87.32,8.93,0.021,0.013,0.049,0.131,0.786,0.3563669779129557
2020-06-12,70476,2832,0.02820968040284858,0.7020146313810581,-33.0,-8.0,-6.0,-38.0,-39.0,16.0,106.07,41.81,100.02,8.93,0.021,0.013,0.049,0.131,0.786,0.3563669779129557
2020-06-13,72023,2890,0.02878742103256794,0.7174243685220208,-36.0,-7.0,-12.0,-32.0,-18.0,9.0,99.9,38.22,102.88,8.93,0.021,0.013,0.049,0.131,0.786,0.3563669779129557
2020-06-14,73018,2907,0.02895675880334775,0.7273356086353099,-34.0,-11.0,3.0,-34.0,-19.0,7.0,84.12,36.96,93.39,8.93,0.021,0.013,0.049,0.131,0.786,0.3563669779129557
2020-06-15,73791,2926,0.029146018664807538,0.7350354966831213,-31.0,-13.0,-4.0,-37.0,-38.0,14.0,90.22,43.66,87.53,8.93,0.021,0.013,0.049,0.131,0.786,0.3563669779129557
2020-06-16,75084,2959,0.029474733161027174,0.747915128307727,-31.0,-10.0,-2.0,-37.0,-39.0,15.0,92.6,43.94,89.48,8.93,0.021,0.013,0.049,0.131,0.786,0.3563669779129557
2020-06-17,77189,2991,0.029793486611906814,0.7688831287484036,-31.0,-10.0,-1.0,-37.0,-40.0,15.0,94.4,44.73,90.78,8.93,0.021,0.013,0.049,0.131,0.786,0.3563669779129557
2020-06-18,78227,3027,0.030152084244146417,0.7792226938113122,-30.0,-10.0,-5.0,-39.0,-40.0,15.0,96.98,44.87,91.81,8.93,0.021,0.013,0.049,0.131,0.786,0.3563669779129557
2020-06-19,79609,3063,0.030510681876386017,0.7929888584711768,-31.0,-8.0,-4.0,-38.0,-39.0,14.0,113.0,48.54,110.4,8.93,0.021,0.013,0.049,0.131,0.786,0.3563669779129557
2020-06-20,81636,3110,0.030978851007365495,0.8131798973753342,-33.0,-4.0,-16.0,-34.0,-18.0,8.0,102.85,40.14,105.68,8.93,0.021,0.013,0.049,0.131,0.786,0.3563669779129557
2020-06-21,83397,3120,0.031078461460765386,0.8307212982190547,-35.0,-8.0,-7.0,-37.0,-17.0,6.0,78.49,34.68,77.72,8.93,0.021,0.013,0.049,0.131,0.786,0.3563669779129557
2020-06-22,85942,3137,0.031247799231545196,0.8560721586093265,-31.0,-16.0,-4.0,-39.0,-41.0,14.0,92.77,47.46,90.87,8.93,0.021,0.013,0.049,0.131,0.786,0.3563669779129557
2020-06-23,88262,3171,0.03158647477310482,0.8791817837981007,-30.0,-12.0,-2.0,-38.0,-41.0,15.0,95.63,47.75,93.11,8.93,0.021,0.013,0.049,0.131,0.786,0.3563669779129557
2020-06-24,89490,3205,0.03192515031466444,0.8914139474756071,-30.0,-12.0,-3.0,-39.0,-40.0,15.0,97.46,46.74,93.95,8.93,0.021,0.013,0.049,0.131,0.786,0.3563669779129557
2020-06-25,91467,3246,0.032333553173603986,0.9111069341127651,-30.0,-11.0,-4.0,-38.0,-40.0,15.0,100.43,45.78,97.11,8.93,0.021,0.013,0.049,0.131,0.786,0.3563669779129557
2020-06-26,93232,3267,0.03254273512574376,0.9286881791378456,-32.0,-11.0,-6.0,-38.0,-39.0,15.0,112.86,49.35,108.56,8.93,0.021,0.013,0.049,0.131,0.786,0.3563669779129557
2020-06-27,95371,3285,0.03272203394186355,0.9499948551200819,-34.0,-10.0,-13.0,-34.0,-19.0,9.0,106.1,41.58,112.55,8.93,0.021,0.013,0.049,0.131,0.786,0.3563669779129557
2020-06-28,97894,3305,0.03292125484866333,0.9751265725128738,-34.0,-15.0,-9.0,-38.0,-18.0,8.0,83.78,35.68,85.09,8.93,0.021,0.013,0.049,0.131,0.786,0.3563669779129557
2020-06-29,100772,3326,0.0331304368008031,1.003794461001362,-28.0,-14.0,-5.0,-39.0,-39.0,14.0,93.89,45.89,92.88,8.93,0.021,0.013,0.049,0.131,0.786,0.3563669779129557
2020-06-30,103529,3369,0.033558761750422626,1.0312570630037114,-27.0,-11.0,-4.0,-39.0,-40.0,14.0,97.94,45.51,94.48,8.93,0.021,0.013,0.049,0.131,0.786,0.3563669779129557
2020-07-01,105507,3402,0.033887476246642255,1.0509600106862094,-26.0,-9.0,-4.0,-37.0,-40.0,14.0,100.67,45.67,95.76,8.93,0.021,0.013,0.049,0.131,0.786,0.3563669779129557
2020-07-02,107667,3454,0.03440545060432168,1.0724758686205855,-25.0,-3.0,-3.0,-36.0,-42.0,14.0,107.05,45.0,100.28,8.93,0.021,0.013,0.049,0.131,0.786,0.3563669779129557
2020-07-03,110310,3454,0.03440545060432168,1.0988029114541762,-27.0,5.0,-3.0,-40.0,-58.0,19.0,104.81,42.35,106.16,8.93,0.021,0.013,0.049,0.131,0.786,0.3563669779129557
2020-07-04,113497,3454,0.03440545060432168,1.1305487629527207,-51.0,-9.0,-35.0,-44.0,-36.0,12.0,75.25,32.5,81.95,8.93,0.021,0.013,0.049,0.131,0.786,0.3563669779129557
2020-07-05,114993,3487,0.034734165100541316,1.1454504867813442,-40.0,-21.0,-24.0,-43.0,-25.0,9.0,78.76,33.55,75.96,8.93,0.021,0.013,0.049,0.131,0.786,0.3563669779129557
2020-07-06,116570,3534,0.03520233423152079,1.1611590552825066,-29.0,-11.0,-6.0,-40.0,-42.0,14.0,93.91,45.83,92.43,8.93,0.021,0.013,0.049,0.131,0.786,0.3563669779129557
2020-07-07,120539,3579,0.03565058127182029,1.2006944442369227,-29.0,-9.0,-3.0,-38.0,-42.0,15.0,97.31,45.47,96.69,8.93,0.021,0.013,0.049,0.131,0.786,0.3563669779129557
2020-07-08,123004,3642,0.03627812712823959,1.2252484209999952,-30.0,-10.0,-2.0,-39.0,-41.0,15.0,98.5,45.53,97.05,8.93,0.021,0.013,0.049,0.131,0.786,0.3563669779129557
2020-07-09,124738,3689,0.036746296259219074,1.242520873619536,-29.0,-9.0,-5.0,-40.0,-41.0,16.0,101.87,45.92,99.84,8.93,0.021,0.013,0.049,0.131,0.786,0.3563669779129557
2020-07-10,127358,3738,0.037234387480878525,1.268618812410307,-32.0,-8.0,-8.0,-40.0,-40.0,16.0,113.46,48.53,111.24,8.93,0.021,0.013,0.049,0.131,0.786,0.3563669779129557
2020-07-11,130242,3793,0.03778224497457792,1.297346467170835,-35.0,-8.0,-20.0,-37.0,-20.0,10.0,105.1,41.67,111.46,8.93,0.021,0.013,0.049,0.131,0.786,0.3563669779129557
2020-07-12,133549,3809,0.03794162170001774,1.3302876441101783,-34.0,-12.0,-9.0,-40.0,-21.0,8.0,87.52,37.02,90.19,8.93,0.021,0.013,0.049,0.131,0.786,0.3563669779129557
2020-07-13,136129,3822,0.038071115289437595,1.3559871410873499,-28.0,-11.0,-8.0,-41.0,-41.0,14.0,96.32,46.44,95.77,8.93,0.021,0.013,0.049,0.131,0.786,0.3563669779129557
2020-07-14,140307,3894,0.038788310553916794,1.3976043885178233,-30.0,-10.0,-4.0,-41.0,-42.0,15.0,96.5,44.88,95.71,8.93,0.021,0.013,0.049,0.131,0.786,0.3563669779129557
2020-07-15,143009,3936,0.03920667445819633,1.4245191330264733,-31.0,-11.0,-4.0,-41.0,-42.0,16.0,97.85,43.61,95.68,8.93,0.021,0.013,0.049,0.131,0.786,0.3563669779129557
2020-07-16,147468,3988,0.03972464881587575,1.4689354341974838,-32.0,-11.0,-5.0,-42.0,-42.0,16.0,99.72,42.82,98.38,8.93,0.021,0.013,0.049,0.131,0.786,0.3563669779129557
2020-07-17,150319,4047,0.0403123504909351,1.4973343744617922,-33.0,-10.0,-5.0,-41.0,-41.0,16.0,111.69,44.65,110.76,8.93,0.021,0.013,0.049,0.131,0.786,0.3563669779129557
2020-07-18,153041,4084,0.04068090916851469,1.5244483398772422,-36.0,-9.0,-15.0,-37.0,-22.0,10.0,104.87,39.63,112.11,8.93,0.021,0.013,0.049,0.131,0.786,0.3563669779129557
2020-07-19,155887,4095,0.04079048066725457,1.5527974749148505,-35.0,-13.0,-4.0,-40.0,-23.0,8.0,86.79,34.69,88.82,8.93,0.021,0.013,0.049,0.131,0.786,0.3563669779129557
2020-07-20,159045,4104,0.04088013007531447,1.5842544560985354,-31.0,-13.0,-2.0,-41.0,-42.0,14.0,95.8,44.54,95.04,8.93,0.021,0.013,0.049,0.131,0.786,0.3563669779129557
2020-07-21,161673,4154,0.04137818234231391,1.6104320832520262,-31.0,-12.0,-1.0,-41.0,-43.0,15.0,98.04,44.14,96.75,8.93,0.021,0.013,0.049,0.131,0.786,0.3563669779129557
2020-07-22,164870,4213,0.04196588401737326,1.6422775452039708,-31.0,-12.0,-2.0,-42.0,-42.0,15.0,99.72,43.76,96.84,8.93,0.021,0.013,0.049,0.131,0.786,0.3563669779129557
2020-07-23,166848,4262,0.042453975239032715,1.6619804928864688,-32.0,-12.0,-4.0,-42.0,-42.0,16.0,101.63,42.67,99.57,8.93,0.021,0.013,0.049,0.131,0.786,0.3563669779129557
2020-07-24,168757,4300,0.042832494961952294,1.6809961284405077,-33.0,-11.0,-6.0,-41.0,-40.0,16.0,114.63,45.89,112.55,8.93,0.021,0.013,0.049,0.131,0.786,0.3563669779129557
2020-07-25,172325,4351,0.04334050827429173,1.716537138213588,-35.0,-10.0,-13.0,-37.0,-22.0,9.0,106.59,39.31,113.66,8.93,0.021,0.013,0.049,0.131,0.786,0.3563669779129557
2020-07-26,173995,4360,0.043430157682351624,1.7331720839313696,-34.0,-14.0,-2.0,-39.0,-23.0,8.0,89.33,35.99,90.66,8.93,0.021,0.013,0.049,0.131,0.786,0.3563669779129557
2020-07-27,176028,4375,0.04357957336245146,1.7534228891075672,-30.0,-14.0,-4.0,-41.0,-42.0,14.0,96.4,44.87,95.24,8.93,0.021,0.013,0.049,0.131,0.786,0.3563669779129557
2020-07-28,178642,4426,0.044087586674790895,1.779461061626298,-31.0,-13.0,-2.0,-41.0,-42.0,15.0,99.23,44.56,98.42,8.93,0.021,0.013,0.049,0.131,0.786,0.3563669779129557
2020-07-29,183383,4516,0.0449840807553899,1.8266863775831854,-31.0,-13.0,-2.0,-41.0,-42.0,15.0,101.87,45.72,99.05,8.93,0.021,0.013,0.049,0.131,0.786,0.3563669779129557
2020-07-30,185872,4552,0.045342678387629495,1.8514794194344177,-32.0,-12.0,-6.0,-41.0,-43.0,15.0,106.13,44.39,100.93,8.93,0.021,0.013,0.049,0.131,0.786,0.3563669779129557
2020-07-31,188481,4621,0.046029990516088734,1.8774677867264489,-32.0,-10.0,-4.0,-39.0,-41.0,15.0,120.58,47.98,116.12,8.93,0.021,0.013,0.049,0.131,0.786,0.3563669779129557
2020-08-01,190693,4669,0.0465081206924082,1.8995016190185046,-35.0,-7.0,-14.0,-35.0,-22.0,9.0,112.13,41.23,119.87,8.93,0.021,0.013,0.049,0.131,0.786,0.3563669779129557
2020-08-02,192167,4692,0.04673722473522794,1.914184199849648,-33.0,-12.0,-3.0,-37.0,-23.0,8.0,93.49,36.53,95.81,8.93,0.021,0.013,0.049,0.131,0.786,0.3563669779129557
2020-08-03,193788,4701,0.046826874143287844,1.93033105434577,-28.0,-11.0,-2.0,-39.0,-41.0,13.0,106.63,47.26,101.37,8.93,0.021,0.013,0.049,0.131,0.786,0.3563669779129557
2020-08-04,195614,4758,0.047394653727667206,1.9485199231365897,-29.0,-10.0,0.0,-39.0,-42.0,14.0,105.05,46.48,101.14,8.93,0.021,0.013,0.049,0.131,0.786,0.3563669779129557
2020-08-05,197912,4825,0.04806204376544647,1.9714104053278843,-29.0,-11.0,0.0,-39.0,-42.0,14.0,104.58,46.99,102.58,8.93,0.021,0.013,0.049,0.131,0.786,0.3563669779129557
2020-08-06,201106,4869,0.04850032976040598,2.003225984143809,-30.0,-11.0,-1.0,-39.0,-42.0,15.0,107.23,46.08,105.63,8.93,0.021,0.013,0.049,0.131,0.786,0.3563669779129557
2020-08-07,204167,4918,0.048988420982065434,2.033716743929515,-31.0,-10.0,-2.0,-38.0,-41.0,15.0,121.07,48.15,119.92,8.93,0.021,0.013,0.049,0.131,0.786,0.3563669779129557
2020-08-08,206761,4967,0.04947651220372489,2.0595556955414462,-34.0,-9.0,-10.0,-35.0,-22.0,9.0,113.19,41.53,123.85,8.93,0.021,0.013,0.049,0.131,0.786,0.3563669779129557
2020-08-09,208528,4977,0.049576122657124785,2.0771568626572066,-33.0,-13.0,0.0,-37.0,-23.0,7.0,94.1,37.04,99.46,8.93,0.021,0.013,0.049,0.131,0.786,0.3563669779129557
2020-08-10,210424,4996,0.04976538251858457,2.0960430046218255,-29.0,-13.0,-1.0,-39.0,-41.0,13.0,102.06,47.81,101.94,8.93,0.021,0.013,0.049,0.131,0.786,0.3563669779129557
2020-08-11,211808,5057,0.050373006284323896,2.10982909137237,-29.0,-12.0,1.0,-39.0,-42.0,14.0,105.08,47.2,102.58,8.93,0.021,0.013,0.049,0.131,0.786,0.3563669779129557
2020-08-12,214197,5109,0.050890980642003314,2.1336260286896036,-30.0,-13.0,-1.0,-40.0,-42.0,14.0,108.05,47.31,105.81,8.93,0.021,0.013,0.049,0.131,0.786,0.3563669779129557
2020-08-13,216139,5171,0.05150856545308263,2.152970378739862,-31.0,-13.0,-6.0,-40.0,-43.0,15.0,109.76,46.31,107.72,8.93,0.021,0.013,0.049,0.131,0.786,0.3563669779129557
2020-08-14,218693,5214,0.05193689040270215,2.1784108885381936,-32.0,-11.0,-8.0,-40.0,-41.0,14.0,125.15,49.77,124.72,8.93,0.021,0.013,0.049,0.131,0.786,0.3563669779129557
2020-08-15,220762,5245,0.05224568280824181,2.199020291346631,-35.0,-10.0,-18.0,-37.0,-24.0,9.0,116.28,42.63,126.7,8.93,0.021,0.013,0.049,0.131,0.786,0.3563669779129557
2020-08-16,221950,5254,0.05233533221630171,2.2108540132105374,-33.0,-13.0,-8.0,-38.0,-25.0,7.0,96.33,38.31,100.96,8.93,0.021,0.013,0.049,0.131,0.786,0.3563669779129557
2020-08-17,223131,5273,0.0525245920777615,2.2226180077570645,-30.0,-14.0,-12.0,-40.0,-42.0,13.0,101.14,47.99,100.6,8.93,0.021,0.013,0.049,0.131,0.786,0.3563669779129557
2020-08-18,224031,5335,0.05314217688884081,2.2315829485630543,-31.0,-14.0,-14.0,-42.0,-42.0,15.0,103.51,46.59,101.95,8.93,0.021,0.013,0.049,0.131,0.786,0.3563669779129557
2020-08-19,225827,5392,0.053709956473220175,2.2494729859936746,-31.0,-13.0,-12.0,-42.0,-42.0,15.0,106.42,47.84,103.96,8.93,0.021,0.013,0.049,0.131,0.786,0.3563669779129557
2020-08-20,227346,5446,0.054247852921579576,2.2646038138651177,-31.0,-13.0,-13.0,-42.0,-42.0,15.0,108.13,46.88,105.75,8.93,0.021,0.013,0.049,0.131,0.786,0.3563669779129557
2020-08-21,229054,5491,0.05469609996187908,2.2816172793058187,-32.0,-12.0,-12.0,-40.0,-40.0,15.0,123.74,49.58,123.54,8.93,0.021,0.013,0.049,0.131,0.786,0.3563669779129557
2020-08-22,230662,5537,0.05515430804751857,2.297634640212521,-34.0,-10.0,-17.0,-36.0,-22.0,8.0,117.66,44.2,130.24,8.93,0.021,0.013,0.049,0.131,0.786,0.3563669779129557
2020-08-23,231695,5545,0.05523399641023848,2.307924400048729,-32.0,-14.0,-8.0,-39.0,-23.0,7.0,95.88,38.97,101.05,8.93,0.021,0.013,0.049,0.131,0.786,0.3563669779129557
2020-08-24,232893,5558,0.05536348999965834,2.319857732366036,-31.0,-15.0,-13.0,-42.0,-41.0,13.0,99.9,46.44,99.43,8.93,0.021,0.013,0.049,0.131,0.786,0.3563669779129557
2020-08-25,233777,5605,0.05583165913063781,2.328663296446586,-31.0,-14.0,-9.0,-41.0,-41.0,14.0,102.79,46.32,101.52,8.93,0.021,0.013,0.049,0.131,0.786,0.3563669779129557
2020-08-26,235386,5663,0.056409399760357165,2.3446906183986282,-31.0,-14.0,-8.0,-41.0,-41.0,15.0,105.17,47.07,104.35,8.93,0.021,0.013,0.049,0.131,0.786,0.3563669779129557
2020-08-27,236986,5701,0.05678791948327675,2.3606282909426106,-31.0,-14.0,-9.0,-41.0,-41.0,15.0,107.73,46.22,106.15,8.93,0.021,0.013,0.049,0.131,0.786,0.3563669779129557
2020-08-28,238458,5732,0.05709671188881641,2.375290949683074,-31.0,-12.0,-9.0,-39.0,-39.0,14.0,125.05,50.93,125.34,8.93,0.021,0.013,0.049,0.131,0.786,0.3563669779129557
2020-08-29,239756,5759,0.05736566011299611,2.38822038653438,-32.0,-10.0,-12.0,-34.0,-21.0,8.0,119.21,45.43,135.06,8.93,0.021,0.013,0.049,0.131,0.786,0.3563669779129557
2020-08-30,240749,5769,0.05746527056639599,2.3981117045569893,-31.0,-13.0,-2.0,-37.0,-22.0,6.0,97.24,39.51,105.11,8.93,0.021,0.013,0.049,0.131,0.786,0.3563669779129557
2020-08-31,241768,5784,0.05761468624649583,2.4082620097584377,-30.0,-15.0,-10.0,-41.0,-40.0,13.0,101.07,46.3,100.81,8.93,0.021,0.013,0.049,0.131,0.786,0.3563669779129557
2020-09-01,242521,5829,0.05806293328679533,2.4157626768994493,-29.0,-11.0,-7.0,-38.0,-41.0,14.0,103.93,46.46,103.87,8.93,0.021,0.013,0.049,0.131,0.786,0.3563669779129557
2020-09-02,243935,5878,0.058551024508454785,2.4298475950101937,-29.0,-13.0,-7.0,-39.0,-41.0,14.0,106.91,47.14,105.33,8.93,0.021,0.013,0.049,0.131,0.786,0.3563669779129557
2020-09-03,244999,5932,0.05908892095681419,2.440446147251942,-28.0,-11.0,-10.0,-38.0,-41.0,14.0,111.97,48.77,110.37,8.93,0.021,0.013,0.049,0.131,0.786,0.3563669779129557
2020-09-04,246407,5977,0.059537167997113685,2.454471299090646,-29.0,-8.0,-10.0,-38.0,-41.0,13.0,133.84,54.29,130.78,8.93,0.021,0.013,0.049,0.131,0.786,0.3563669779129557
2020-09-05,247542,6000,0.059766272039933434,2.4657770855515335,-35.0,-10.0,-22.0,-37.0,-26.0,8.0,119.63,44.93,132.0,8.93,0.021,0.013,0.049,0.131,0.786,0.3563669779129557
2020-09-06,248334,6005,0.05981607726663337,2.473666233460805,-35.0,-16.0,-13.0,-42.0,-26.0,6.0,99.46,38.06,108.5,8.93,0.021,0.013,0.049,0.131,0.786,0.3563669779129557
2020-09-07,248821,6030,0.060065103400133095,2.4785172625413794,-32.0,-14.0,-3.0,-53.0,-73.0,20.0,91.32,40.83,94.23,8.93,0.021,0.013,0.049,0.131,0.786,0.3563669779129557
2020-09-08,249241,6036,0.06012486967217303,2.482700901584175,-30.0,-13.0,-17.0,-39.0,-42.0,14.0,103.71,47.7,99.23,8.93,0.021,0.013,0.049,0.131,0.786,0.3563669779129557
2020-09-09,249859,6090,0.06066276612053243,2.488856827604288,-31.0,-14.0,-15.0,-40.0,-41.0,14.0,105.21,47.57,102.09,8.93,0.021,0.013,0.049,0.131,0.786,0.3563669779129557
2020-09-10,251024,6128,0.06104128584345202,2.500461445425375,-31.0,-15.0,-24.0,-40.0,-41.0,15.0,107.34,45.71,102.38,8.93,0.021,0.013,0.049,0.131,0.786,0.3563669779129557
2020-09-11,252066,6171,0.06146961079307153,2.5108408546696435,-31.0,-13.0,-23.0,-40.0,-39.0,14.0,122.75,50.17,119.59,8.93,0.021,0.013,0.049,0.131,0.786,0.3563669779129557
2020-09-12,253176,6197,0.06172859797191124,2.521897614997031,-32.0,-11.0,-31.0,-36.0,-20.0,9.0,113.53,44.0,123.58,8.93,0.021,0.013,0.049,0.131,0.786,0.3563669779129557
2020-09-13,253985,6208,0.06183816947065113,2.529956100677082,-31.0,-14.0,-22.0,-39.0,-22.0,7.0,91.16,37.68,96.24,8.93,0.021,0.013,0.049,0.131,0.786,0.3563669779129557
2020-09-14,254656,6231,0.06206727351347087,2.5366399621002147,-30.0,-15.0,-20.0,-41.0,-38.0,13.0,99.65,47.69,98.43,8.93,0.021,0.013,0.049,0.131,0.786,0.3563669779129557
2020-09-15,255049,6273,0.0624856374177504,2.5405546529188303,-30.0,-13.0,-19.0,-41.0,-39.0,14.0,102.62,46.3,99.57,8.93,0.021,0.013,0.049,0.131,0.786,0.3563669779129557
2020-09-16,256148,6303,0.06278446877795008,2.551501841747478,-30.0,-15.0,-16.0,-41.0,-39.0,14.0,105.62,48.77,103.13,8.93,0.021,0.013,0.049,0.131,0.786,0.3563669779129557
2020-09-17,257271,6324,0.06299365073008983,2.5626880956642855,-30.0,-15.0,-17.0,-41.0,-40.0,14.0,108.92,50.26,107.08,8.93,0.021,0.013,0.049,0.131,0.786,0.3563669779129557
2020-09-18,258516,6330,0.06305341700212977,2.5750895971125716,-30.0,-13.0,-17.0,-40.0,-38.0,13.0,127.25,54.37,127.99,8.93,0.021,0.013,0.049,0.131,0.786,0.3563669779129557
2020-09-19,259817,6330,0.06305341700212977,2.5880489170998975,-31.0,-10.0,-19.0,-35.0,-20.0,7.0,117.89,47.93,135.07,8.93,0.021,0.013,0.049,0.131,0.786,0.3563669779129557
2020-09-20,260797,6353,0.06328252104494951,2.597810741533087,-30.0,-15.0,-10.0,-38.0,-21.0,6.0,92.81,40.57,102.5,8.93,0.021,0.013,0.049,0.131,0.786,0.3563669779129557
2020-09-21,261446,6366,0.06341201463436938,2.6042754599587394,-29.0,-16.0,-16.0,-42.0,-39.0,13.0,98.13,50.04,98.69,8.93,0.021,0.013,0.049,0.131,0.786,0.3563669779129557
2020-09-22,262133,6401,0.06376065122126899,2.611118698107312,-30.0,-15.0,-17.0,-41.0,-39.0,14.0,100.91,48.61,100.5,8.93,0.021,0.013,0.049,0.131,0.786,0.3563669779129557
2020-09-23,263333,6423,0.06397979421874875,2.623071952515298,-30.0,-16.0,-16.0,-42.0,-39.0,14.0,102.89,48.69,102.32,8.93,0.021,0.013,0.049,0.131,0.786,0.3563669779129557
2020-09-24,264414,6455,0.06429854766962838,2.633839842527826,-31.0,-16.0,-20.0,-42.0,-39.0,14.0,106.06,48.61,104.66,8.93,0.021,0.013,0.049,0.131,0.786,0.3563669779129557
2020-09-25,265775,6488,0.06462726216584802,2.647396825235551,-30.0,-13.0,-19.0,-41.0,-37.0,13.0,124.77,53.63,125.46,8.93,0.021,0.013,0.049,0.131,0.786,0.3563669779129557
2020-09-26,266988,6504,0.06478663889128784,2.659479573232958,-31.0,-11.0,-21.0,-36.0,-18.0,7.0,114.79,46.24,131.65,8.93,0.021,0.013,0.049,0.131,0.786,0.3563669779129557
2020-09-27,267801,6514,0.06488624934468773,2.6675779030943687,-30.0,-15.0,-12.0,-39.0,-20.0,6.0,90.59,40.58,100.24,8.93,0.021,0.013,0.049,0.131,0.786,0.3563669779129557
2020-09-28,268455,6515,0.06489621039002771,2.6740924267467214,-29.0,-16.0,-18.0,-42.0,-39.0,12.0,96.19,50.76,96.85,8.93,0.021,0.013,0.049,0.131,0.786,0.3563669779129557
2020-09-29,269284,6551,0.06525480802226732,2.682350133333572,-31.0,-15.0,-21.0,-42.0,-39.0,13.0,99.96,49.25,98.17,8.93,0.021,0.013,0.049,0.131,0.786,0.3563669779129557
2020-09-30,270299,6576,0.06550383415576705,2.692460594353661,-30.0,-14.0,-21.0,-42.0,-39.0,13.0,101.08,48.35,99.89,8.93,0.021,0.013,0.049,0.131,0.786,0.3563669779129557
2020-10-01,271371,6610,0.06584250969732666,2.703138834958129,-29.0,-11.0,-22.0,-39.0,-38.0,14.0,104.0,49.18,100.67,8.93,0.021,0.013,0.049,0.131,0.786,0.3563669779129557
2020-10-02,272653,6626,0.06600188642276648,2.715908895083995,-30.0,-11.0,-22.0,-38.0,-37.0,13.0,119.22,53.34,120.12,8.93,0.021,0.013,0.049,0.131,0.786,0.3563669779129557
2020-10-03,273638,6642,0.0661612631482063,2.725720524743884,-30.0,-8.0,-23.0,-32.0,-19.0,7.0,113.69,47.53,129.5,8.93,0.021,0.013,0.049,0.131,0.786,0.3563669779129557
2020-10-04,274565,6647,0.06621106837490626,2.734954413774054,-30.0,-12.0,-17.0,-35.0,-20.0,6.0,89.86,40.65,97.45,8.93,0.021,0.013,0.049,0.131,0.786,0.3563669779129557
2020-10-05,274942,6654,0.06628079569228618,2.7387097278672297,-29.0,-14.0,-21.0,-39.0,-38.0,12.0,94.74,49.35,93.88,8.93,0.021,0.013,0.049,0.131,0.786,0.3563669779129557
2020-10-06,275856,6681,0.06654974391646587,2.74781412330798,-30.0,-13.0,-19.0,-40.0,-39.0,13.0,96.97,49.7,98.17,8.93,0.021,0.013,0.049,0.131,0.786,0.3563669779129557
2020-10-07,277445,6709,0.06682865318598556,2.763642224353222,-31.0,-15.0,-18.0,-41.0,-39.0,13.0,98.9,48.5,98.07,8.93,0.021,0.013,0.049,0.131,0.786,0.3563669779129557
2020-10-08,278665,6726,0.06699799095676537,2.7757946996680083,-30.0,-14.0,-19.0,-40.0,-39.0,14.0,101.48,48.92,99.57,8.93,0.021,0.013,0.049,0.131,0.786,0.3563669779129557
2020-10-09,279909,6741,0.06714740663686522,2.7881862400709547,-30.0,-13.0,-20.0,-39.0,-37.0,13.0,120.5,53.51,120.41,8.93,0.021,0.013,0.049,0.131,0.786,0.3563669779129557
2020-10-10,281165,6768,0.06741635486104491,2.8006973130179804,-30.0,-11.0,-22.0,-33.0,-17.0,7.0,112.39,49.03,127.71,8.93,0.021,0.013,0.049,0.131,0.786,0.3563669779129557
2020-10-11,282135,6771,0.06744623799706488,2.81035952699777,-30.0,-14.0,-13.0,-35.0,-19.0,6.0,90.66,41.99,111.91,8.93,0.021,0.013,0.049,0.131,0.786,0.3563669779129557
2020-10-12,282982,6773,0.06746616008774486,2.8187965324007402,-29.0,-15.0,-17.0,-41.0,-41.0,13.0,93.67,49.85,96.2,8.93,0.021,0.013,0.049,0.131,0.786,0.3563669779129557
2020-10-13,283750,6790,0.06763549785852467,2.826446615221852,-30.0,-14.0,-17.0,-39.0,-39.0,13.0,96.1,49.71,96.54,8.93,0.021,0.013,0.049,0.131,0.786,0.3563669779129557
2020-10-14,285016,6812,0.06785464085600443,2.839057298622278,-30.0,-15.0,-16.0,-39.0,-38.0,14.0,99.2,50.43,98.25,8.93,0.021,0.013,0.049,0.131,0.786,0.3563669779129557
2020-10-15,286183,6834,0.06807378385348417,2.850681838534045,-30.0,-14.0,-19.0,-37.0,-38.0,14.0,104.25,51.31,102.41,8.93,0.021,0.013,0.049,0.131,0.786,0.3563669779129557
2020-10-16,287222,6855,0.06828296580562394,2.8610313646422934,-30.0,-12.0,-19.0,-36.0,-37.0,13.0,122.25,56.25,123.97,8.93,0.021,0.013,0.049,0.131,0.786,0.3563669779129557
2020-10-17,288136,6863,0.06836265416834386,2.870135760083043,-31.0,-11.0,-20.0,-30.0,-18.0,7.0,115.18,49.09,131.48,8.93,0.021,0.013,0.049,0.131,0.786,0.3563669779129557
2020-10-18,288451,6876,0.06849214775776372,2.8732734893651397,-29.0,-14.0,-13.0,-32.0,-19.0,6.0,91.35,42.37,98.26,8.93,0.021,0.013,0.049,0.131,0.786,0.3563669779129557
2020-10-19,289366,6877,0.0685021088031037,2.8823878458512295,-30.0,-16.0,-19.0,-38.0,-38.0,12.0,94.09,51.01,95.74,8.93,0.021,0.013,0.049,0.131,0.786,0.3563669779129557
2020-10-20,290009,6912,0.06885074539000331,2.8887927980048427,-30.0,-15.0,-18.0,-37.0,-38.0,13.0,96.79,49.58,95.45,8.93,0.021,0.013,0.049,0.131,0.786,0.3563669779129557
2020-10-21,290486,6944,0.06916949884088296,2.893544216632017,-30.0,-15.0,-17.0,-38.0,-38.0,13.0,98.84,48.89,97.43,8.93,0.021,0.013,0.049,0.131,0.786,0.3563669779129557
2020-10-22,294065,6956,0.06928903138496283,2.9291947979038375,-30.0,-15.0,-19.0,-37.0,-38.0,14.0,101.61,48.35,99.47,8.93,0.021,0.013,0.049,0.131,0.786,0.3563669779129557
2020-10-23,296821,6974,0.06946833020108263,2.9566474388608466,-30.0,-13.0,-21.0,-37.0,-37.0,13.0,118.58,53.77,118.44,8.93,0.021,0.013,0.049,0.131,0.786,0.3563669779129557
2020-10-24,298937,6989,0.06961774588118246,2.9777250108002633,-31.0,-11.0,-24.0,-32.0,-18.0,7.0,111.51,48.18,125.58,8.93,0.021,0.013,0.049,0.131,0.786,0.3563669779129557
2020-10-25,299760,6993,0.06965759006254241,2.985922951115074,-30.0,-14.0,-23.0,-34.0,-19.0,6.0,86.3,39.39,91.88,8.93,0.021,0.013,0.049,0.131,0.786,0.3563669779129557
2020-10-26,300614,7000,0.06972731737992234,2.994429683835425,-29.0,-15.0,-27.0,-38.0,-37.0,12.0,93.85,48.25,92.49,8.93,0.021,0.013,0.049,0.131,0.786,0.3563669779129557
2020-10-27,302077,7027,0.06999626560410203,3.0090026931678286,-29.0,-14.0,-24.0,-37.0,-38.0,13.0,98.37,48.11,98.56,8.93,0.021,0.013,0.049,0.131,0.786,0.3563669779129557
2020-10-28,303369,7040,0.0701257591935219,3.0218723637470943,-28.0,-14.0,-19.0,-39.0,-37.0,13.0,98.67,47.59,97.04,8.93,0.021,0.013,0.049,0.131,0.786,0.3563669779129557
2020-10-29,305070,7044,0.07016560337488184,3.0388161018704154,-28.0,-13.0,-20.0,-39.0,-38.0,13.0,105.43,51.24,104.78,8.93,0.021,0.013,0.049,0.131,0.786,0.3563669779129557
2020-10-30,306327,7056,0.07028513591896171,3.0513371358627817,-27.0,-8.0,-19.0,-37.0,-36.0,12.0,124.53,55.11,125.2,8.93,0.021,0.013,0.049,0.131,0.786,0.3563669779129557
2020-10-31,307618,7071,0.07043455159906155,3.0641968453967072,-30.0,-3.0,-24.0,-30.0,-17.0,6.0,109.39,49.53,131.2,8.93,0.021,0.013,0.049,0.131,0.786,0.3563669779129557
2020-11-01,309190,7074,0.07046443473508152,3.0798556086711697,-29.0,-14.0,-18.0,-34.0,-19.0,6.0,83.77,40.35,93.18,8.93,0.021,0.013,0.049,0.131,0.786,0.3563669779129557
2020-11-02,310595,7076,0.0704843568257615,3.0938508773738542,-28.0,-12.0,-17.0,-39.0,-37.0,12.0,92.96,50.25,95.49,8.93,0.021,0.013,0.049,0.131,0.786,0.3563669779129557
2020-11-03,311745,7097,0.07069353877790126,3.1053060795148415,-29.0,-13.0,-15.0,-41.0,-39.0,14.0,89.44,46.7,92.81,8.93,0.021,0.013,0.049,0.131,0.786,0.3563669779129557
2020-11-04,313526,7117,0.07089275968470105,3.1230467012653618,-32.0,-18.0,-24.0,-43.0,-39.0,15.0,86.01,45.84,86.72,8.93,0.021,0.013,0.049,0.131,0.786,0.3563669779129557
2020-11-05,315634,7140,0.07112186372752079,3.144044584842058,-31.0,-16.0,-24.0,-42.0,-38.0,14.0,91.38,48.65,90.52,8.93,0.021,0.013,0.049,0.131,0.786,0.3563669779129557
2020-11-06,317727,7157,0.0712912014983006,3.164893052738655,-30.0,-15.0,-27.0,-41.0,-36.0,14.0,107.85,51.65,107.24,8.93,0.021,0.013,0.049,0.131,0.786,0.3563669779129557
2020-11-07,320048,7170,0.07142069508772046,3.188012638972769,-34.0,-14.0,-52.0,-42.0,-21.0,11.0,89.99,39.57,101.96,8.93,0.021,0.013,0.049,0.131,0.786,0.3563669779129557
2020-11-08,322281,7172,0.07144061717840043,3.2102556532169646,-31.0,-16.0,-40.0,-41.0,-20.0,8.0,76.05,36.78,81.51,8.93,0.021,0.013,0.049,0.131,0.786,0.3563669779129557
